"Timestamp","What is your Prolific ID?","City / Town","State / Province","ZIP / Postal Code","Country","What is your gender?","What is your age?","My total family income last year was:","In a year, how many times do you hire professionals through apps like Yelp, Thumbtack, or TaskRabbit?","On a typical day, how likely are you to make a purchase using an app?","Imagine an app that can instantly connect you with verified experts in any field. Get personalized help from lawyers, accountants, doctors, plumbers and other professionals whenever you need it. Simply ask any question, anytime you want, and we'll connect you in minutes with the best expert for your question. Talk, text, or video chat until you have your answer.","Assuming the price was reasonable, how likely would you be to consider using this app?","In a year, how many times would you consider using this app?","Which category of experts would you consider connecting with through this app? Choose all that apply.","At what price (in $) would you consider a 15-minute phone call with an expert to be a bargain?","At what price (in $) would you consider a 15-minute phone call with an expert to be too expensive?","At what price (in $) would you consider a 15-minute phone call with an expert to be starting to get expensive, but you’d still consider paying it?","Describe a time when you would consider using this app. If you would never use this app, why?","What are your thoughts about this app idea?"
"2021/08/24 9:27:50 PM EST","6116d1018eaba87f28927da1","Pleasant City","Ohio","43772","United States","Female","21-29","Between $75,000 and $99,999","Never","Very likely","I have read the description above.","Very likely","1-5 times","Home & Car Repair;Financial;Medical","25","100","50","","Good idea "
"2021/08/24 9:29:39 PM EST","6101901f068e146cbd2f0a40","Lincolnshire ","Illinois ","60069","United States ","Female","21-29","Over $150,000","Never","Very likely","I have read the description above.","Extremely likely","More than 10 times","Tutoring;Medical;Therapy;Financial;Beauty & Fashion;Career Advice;Coaching & Personal Development;Business Consulting","10","50","40","","I would definitely take advantage if it was reasonably priced. I also think the “experts” would need to be vetted properly. "
"2021/08/24 9:33:42 PM EST","611120e1235ee2f0e57bc176","Fort Walton Beach","florida","32548","United States","Other","18-20","Between $75,000 and $99,999","Never","Somewhat likely","I have read the description above.","Somewhat likely","1-5 times","Travel;Computers & IT;Beauty & Fashion;Therapy;Career Advice;Medical;Home & Car Repair;Financial","5","20","10","","sounds like it could be useful"
"2021/08/24 9:34:09 PM EST","61085afb77b6dd7659774f57","Hopatcong","NJ","07843","United States","Female","18-20","Between $100,000 and $150,000","Never","Somewhat likely","I have read the description above.","Very likely","More than 10 times","Travel;Career Advice;Tutoring;Legal;Financial;Home & Car Repair;Computers & IT;Coaching & Personal Development;Medical","10","40","25","","I really like this idea, I think it would be an incredibly useful app that I would use quite often."
"2021/08/24 9:38:57 PM EST","61154c33e15efaa557bedd8d","White House","Tennessee","37188","United States","Female","21-29","Between $50,000 and $74,999","Never","Somewhat likely","I have read the description above.","Somewhat likely","1-5 times","Therapy;Beauty & Fashion;Medical","5","20","10","","I think it's a pretty good idea. I think especially now that times have changed because of the pandemic, that a lot of people would consider using it."
"2021/08/24 9:41:23 PM EST","611f1603ae3f5e7e9fdc0e35","Ithaca","New York","14850","USA","Male","21-29","Between $75,000 and $99,999","Never","Somewhat likely","I have read the description above.","Very likely","6-10 times","Career Advice;Beauty & Fashion;Travel;Therapy;Medical","10","20","15","","I think its a great idea and something that should happen"
"2021/08/24 9:44:59 PM EST","61231533f430a76f0091617d","new castle","Pennsylvania","16101","united States","Male","50-59","Between $75,000 and $99,999","Never","Somewhat likely","I have read the description above.","Somewhat likely","1-5 times","Medical;Travel;Legal","5.00","20.00","15.00","","As long as they are true verified professionals it seems like a good idea"
"2021/08/24 9:46:52 PM EST","6107bd5201d467e6adfe3319","Tampa","Florida","33647","United States","Male","21-29","Between $100,000 and $150,000","Never","Not very likely","I have read the description above.","Somewhat likely","6-10 times","Therapy;Travel;Financial;Tutoring;Medical;Career Advice","35","50","45","","I like it, the only problem I see is I can solve a lot of my problems by googling things on the internet."
"2021/08/24 9:47:16 PM EST","6108b89e31af0e8e1a8d3a70","Sacramento","CA","95825","United States","Female","21-29","Between $50,000 and $74,999","Never","Very likely","I have read the description above.","Somewhat likely","1-5 times","Financial;Travel;Beauty & Fashion","15","50","30","","Pretty smart idea"
"2021/08/24 9:48:08 PM EST","611358b19e07f97a29329f5a","Kenosha","Wisconsin ","53140","United States","Female","18-20","Between $50,000 and $74,999","1-5 times","Somewhat likely","I have read the description above.","Very likely","More than 10 times","Financial;Therapy;Career Advice;Medical;Travel;Coaching & Personal Development;Business Consulting","30","50","40","","The app sounds like it could be very useful. Considering sites such as Yelp are free, they do not offer professional recommendations or solutions to problems. Virtual connections are becoming a large part of everyday life, meaning the convenience would more than likely be quite appealing to most individuals. "
"2021/08/24 9:48:42 PM EST","610866d4a8df0540300f1b6d","POINT LOOKOUT","New York","11569","USA","Female","21-29","Over $150,000","6-10 times","Somewhat likely","I have read the description above.","Somewhat likely","6-10 times","Travel;Medical;Coaching & Personal Development;Beauty & Fashion;Tutoring","0","100","50+","","I like the idea but I would recommend niching down to a few categories or one category, ex. an app dedicated towards travel support, towards career support, etc. If there are too many categories the app may lose some of its credibility - sometimes better to be an expert in a few things vs just okay at many"
"2021/08/24 9:49:44 PM EST","612591887fc8bfc584b75285","Mishicot","Wisconsin","54228","United States","Female","40-49","Between $50,000 and $74,999","Never","Somewhat likely","I have read the description above.","Very likely","More than 10 times","Medical;Therapy;Business Consulting;Financial;Computers & IT;Coaching & Personal Development;Career Advice;Travel;Home & Car Repair","25","75","50","","I think it's a great idea. It will take more then 15 minutes to seek out an expect in a specific field and additional time to get in contact them."
"2021/08/24 9:51:34 PM EST","60feed205af1e1076cbb66cc","Henderson","Nevada","89014","United States","Female","18-20","Between $50,000 and $74,999","1-5 times","Somewhat likely","I have read the description above.","Very likely","6-10 times","Home & Car Repair;Beauty & Fashion;Coaching & Personal Development;Therapy;Medical","5","15","10","","I like this app idea a lot. I would probably end up using this app, as long as the professionals were legitimate. "
"2021/08/24 9:55:19 PM EST","60fc909fb6a1ef6929a71876","Orlando","Florida ","32827","United States","Female","30-39","Between $50,000 and $74,999","1-5 times","Extremely likely","I have read the description above.","Very likely","6-10 times","Travel;Medical;Career Advice;Therapy;Home & Car Repair;Coaching & Personal Development","20","40","35","","Like it, could be useful "
"2021/08/24 9:55:30 PM EST","6120175fc04721de234b30a7","delavan","Wisconsin","53115","usa","Male","18-20","Between $50,000 and $74,999","Never","Not very likely","I have read the description above.","Somewhat likely","6-10 times","Career Advice;Home & Car Repair;Medical;Financial;Tutoring;Therapy;Travel","10","30","25","","good idea especially during a pandemic where people are scared to go out."
"2021/08/24 9:58:53 PM EST","6100c935097aaa975f7902ba","Chicago","IL","60614","United States","Female","21-29","Between $30,000 and $49,999","Never","Somewhat likely","I have read the description above.","Somewhat likely","1-5 times","Home & Car Repair;Travel;Computers & IT;Financial;Career Advice;Beauty & Fashion","25","100","50","","Sounds interesting. Would there be photo or video sharing for certain areas? (Home repair, makeup, etc)"
"2021/08/24 10:00:21 PM EST","610ee3f3b60bb3923a898f9f","East Stroudsburg","Pennsylvania","18302","United States","Female","21-29","Between $75,000 and $99,999","Never","Not very likely","I have read the description above.","Not very likely","1-5 times","Medical;Therapy;Beauty & Fashion","5","16","8","","It's ok, seems like a lot of work to get people verified though and has scam potential."
"2021/08/24 10:00:31 PM EST","6108434be013812d75ce07c6","Poughkeepsie","NY","12603","United States","Female","21-29","Between $75,000 and $99,999","Never","Very likely","I have read the description above.","Very likely","1-5 times","Tutoring;Therapy;Medical","15","50","20","","It seems reasonable but televisits are already a thing"
"2021/08/24 10:00:44 PM EST","60fd86e9878fb74422fa99fc","Topeka ","Ks ","66614","Usa","Female","21-29","Between $50,000 and $74,999","Never","Extremely likely","I have read the description above.","Somewhat likely","6-10 times","Therapy;Home & Car Repair;Coaching & Personal Development;Financial;Legal;Medical","25","75","45","","I think it’s a good idea for people who don’t have all the possible recourses "
"2021/08/24 10:03:26 PM EST","6118abe68f25e783c6194d6c","Marengo","Ia","52301","United States","Female","18-20","Between $30,000 and $49,999","Never","Somewhat likely","I have read the description above.","Extremely likely","1-5 times","Tutoring;Home & Car Repair;Therapy;Financial;Travel","5","40","20","","I think it is a great idea and that many people would use it. "
"2021/08/24 10:04:35 PM EST","6123c5d0e0437750b3089f6d","Brownstown ","Illinois ","62418","United States ","Female","50-59","Over $150,000","Never","Very likely","I have read the description above.","Very likely","6-10 times","Home & Car Repair;Medical","25","50","40","","Probably give it a try"
"2021/08/24 10:05:06 PM EST","60fd8c780c92ab786546bb35","Newington","CT","06111","United States","Female","21-29","Between $100,000 and $150,000","Never","Somewhat likely","I have read the description above.","Somewhat likely","6-10 times","Financial;Therapy;Coaching & Personal Development;Home & Car Repair;Computers & IT;Beauty & Fashion;Medical;Career Advice;Travel","10","30","25","","Interesting concept"
"2021/08/24 10:06:04 PM EST","61021ce1c9a2fdde69b2baec","Monroe","Louisiana","71201","United States ","Female","21-29","Between $100,000 and $150,000","Never","Somewhat likely","I have read the description above.","Somewhat likely","1-5 times","Medical;Career Advice;Beauty & Fashion","5","20","10","","I think it’s pretty cool and could help people with social anxiety"
"2021/08/24 10:06:20 PM EST","610050b3af81cb8340bb9add","Philadelphia","PA","19147","United States","Female","21-29","Between $100,000 and $150,000","Never","Somewhat likely","I have read the description above.","Very likely","6-10 times","Legal;Coaching & Personal Development;Medical;Computers & IT;Therapy;Home & Car Repair;Financial","20","65","50","","I really like this idea.  I think this would be super useful for a number of situations.  A few that come to mind are:
legal situations -- provides more/better access to low SES individuals (tenants rights, immigration, etc) 
more ""everyday"" occurrences like filing taxes, car trouble, house repairs / maintenance, trouble setting up an electronic device, etc."
"2021/08/24 10:07:53 PM EST","612469eee4119a6e6ab17d70","Merritt Island","Florida","32953","United States","Female","18-20","Between $75,000 and $99,999","Never","Not very likely","I have read the description above.","Somewhat likely","1-5 times","Beauty & Fashion;Therapy;Tutoring;Financial;Coaching & Personal Development;Computers & IT;Medical","5","30","20","","It seems like something nice to have but I would rather pay for a subscription to it then get a certain number of calls per month then be able to pay for more than have to pay for every call."
"2021/08/24 10:09:54 PM EST","6124232e0de36853de1edfa5","Corona","CA","92882","United States","Female","18-20","Between $100,000 and $150,000","Never","Somewhat likely","I have read the description above.","Somewhat likely","1-5 times","Medical;Beauty & Fashion;Financial","10","30","25","","I like the idea of being able to text/message the expert that I want to contact, rather than a phone call or an in-person meeting, because it's far less anxiety-inducing. However, I think it's difficult to put a price on a couple texts, and I already know a lot of people that I could get free advice from in some of the possible categories, so the only time I feel I'd really use the app is if I had a specific question that neither my own network of people or the internet could answer."
"2021/08/24 10:10:21 PM EST","611e96a8fa05050b7c9efdd5","Los Angeles","CA","91042","USA","Female","30-39","Between $50,000 and $74,999","Never","Somewhat likely","I have read the description above.","Not very likely","1-5 times","Therapy;Career Advice;Coaching & Personal Development","10","25","20","","It is a good idea, I think it might be too wide a net and similar resources might be available, while not integrated in one place."
"2021/08/24 10:10:44 PM EST","6109b1147c41e9e9fe145da4","West New York","NJ","07093","United States","Female","21-29","Between $50,000 and $74,999","Never","Somewhat likely","I have read the description above.","Extremely likely","More than 10 times","Therapy;Home & Car Repair;Travel;Beauty & Fashion;Coaching & Personal Development;Financial;Tutoring;Medical;Career Advice;Computers & IT;Business Consulting","60.00","200.00","150.00","","The app idea is brilliant. There have been many times I've wished to contact an expert but have no possibility of reaching out to anyone."
"2021/08/24 10:11:07 PM EST","61230e2ed3554491075cdfab","Columbus","Nebraska","68601","United States","Female","21-29","Between $50,000 and $74,999","Never","Not very likely","I have read the description above.","Very likely","1-5 times","Home & Car Repair;Financial;Travel;Medical","50.00","200.00","100.00","","Great idea!"
"2021/08/24 10:12:00 PM EST","61143e2afc372a26438cbdc2","Kewaskum","WI","53040","USA","Female","18-20","Between $50,000 and $74,999","Never","Somewhat likely","I have read the description above.","Not very likely","1-5 times","Tutoring;Therapy;Medical","2.50","5","3.50","","I think it's a great concept but I know personally paying for only a 15 minute phone call would be my very last option."
"2021/08/24 10:13:57 PM EST","60fe8788ebb1528479047e4f","Raleigh","NC","27617","United States","Female","21-29","Between $30,000 and $49,999","Never","Extremely likely","I have read the description above.","Somewhat likely","1-5 times","Coaching & Personal Development;Therapy;Medical;Home & Car Repair","5.00","15.00","10.00","","I think this is a good idea as long as it’s affordable. I don’t think a lot of people want to pay for advice. I would rather pay for a service not a phone call. "
"2021/08/24 10:16:05 PM EST","6125920970fa77232da1e53e","Fresno","California","93722","United States","Female","18-20","Between $100,000 and $150,000","Never","Very likely","I have read the description above.","Not very likely","6-10 times","Therapy;Beauty & Fashion;Career Advice;Tutoring;Computers & IT","5","25","15","","I think it is a great idea but I worry about privacy."
"2021/08/24 10:18:45 PM EST","60ff49e003ea5021e6c05242","Macedon","NY","14502","United States","Other","18-20","Between $100,000 and $150,000","Never","Somewhat likely","I have read the description above.","Extremely likely","More than 10 times","Therapy;Tutoring;Medical;Home & Car Repair;Coaching & Personal Development;Financial;Business Consulting;Career Advice;Legal","25","100","45","","I think it's a really good idea but needs to be clearer. It's unrealistic to have experts and specialists on call 24/7 through an app. Each professional must be vetted and surveyed to ensure they're actually a professional."
"2021/08/24 10:18:56 PM EST","612460a61da75e2878e7881c","San Antonio","Texas","78261","United States","Male","30-39","Between $100,000 and $150,000","Never","Somewhat likely","I have read the description above.","Not very likely","1-5 times","Travel;Tutoring;Beauty & Fashion;Medical;Therapy;Legal","10","20","15","","Interesting concept.  I’d need to see the pool of experts acquired to sign up for this program."
"2021/08/24 10:19:37 PM EST","6123fc5fe45f1905d9e7fe29","RANCHO CUCAMONGA","California","91701","United States","Male","60 or older","Over $150,000","Never","Not very likely","I have read the description above.","Somewhat likely","More than 10 times","Business Consulting;Tutoring;Computers & IT;Home & Car Repair;Travel","20","50","30","","it seems like a very good idea"
"2021/08/24 10:21:16 PM EST","6110b8870ffa743ef020621c","Des moines","Iowa","50317","UnitedStates","Female","18-20","Between $50,000 and $74,999","Never","Somewhat likely","I have read the description above.","Somewhat likely","1-5 times","Career Advice;Financial;Beauty & Fashion;Tutoring","10","50","20","","Honestly I think it would be a good idea and be quite helpful for people struggling financially and incoming college kids’"
"2021/08/24 10:23:03 PM EST","61255d6ffd8a8f53dd090f26","Austin","Texas","78741","United States","Female","18-20","Between $30,000 and $49,999","Never","Very likely","I have read the description above.","Very likely","6-10 times","Tutoring;Beauty & Fashion;Home & Car Repair;Computers & IT","5","20","15","","Good idea but leave reviews from real people "
"2021/08/24 10:25:08 PM EST","61117bd98b5c78e2492bdc00","Hyrum","Utah","84319","United States","Female","21-29","Between $50,000 and $74,999","Never","Very likely","I have read the description above.","Somewhat likely","6-10 times","Beauty & Fashion;Home & Car Repair;Computers & IT;Medical;Career Advice;Coaching & Personal Development;Financial;Therapy","5","30","20","","great idea"
"2021/08/24 10:25:41 PM EST","611170eb40861cfeea0bc668","Louisville ","Kentucky ","40229","United states","Female","18-20","Between $50,000 and $74,999","Never","Not very likely","I have read the description above.","Not very likely","1-5 times","Home & Car Repair;Financial;Coaching & Personal Development;Beauty & Fashion;Career Advice;Legal;Tutoring;Therapy;Business Consulting;Medical","5","10","7","","It could be useful to some people"
"2021/08/24 10:26:21 PM EST","6111dacd0693d24ee054e6c2","Chicago","IL","60641","U.S","Female","21-29","Between $50,000 and $74,999","Never","Very likely","I have read the description above.","Very likely","1-5 times","Medical;Travel;Coaching & Personal Development;Beauty & Fashion;Tutoring","20","100","30","","Love!"
"2021/08/24 10:27:29 PM EST","6100a4eabbb9583c8c962777","Manor","Pennsylvania ","15665","United States","Female","21-29","Over $150,000","Never","Very likely","I have read the description above.","Extremely likely","More than 10 times","Financial;Therapy;Travel;Medical;Home & Car Repair;Legal;Career Advice","15","50","25","","This is a great idea to get direct answers from experts rather than hunting for specific answers on a online search engine."
"2021/08/24 10:28:26 PM EST","6108b0e3eb83a57532c5b84f","Blue Springs","Missouri","64014","United States","Female","21-29","Between $50,000 and $74,999","Never","Somewhat likely","I have read the description above.","Somewhat likely","1-5 times","Medical;Tutoring;Travel;Therapy","10","30","25","","I think it is a good idea, it may not be as useful to someone like me, in their twenties and a college student but I could see myself using it in the future when I was older, a homeowner, and would need to use the services more frequently."
"2021/08/24 10:29:12 PM EST","6122ca22ff936b11ab2aed6e","Sioux City","Iowa","51101","United States","Female","21-29","Between $50,000 and $74,999","Never","Very likely","I have read the description above.","Extremely likely","More than 10 times","Coaching & Personal Development;Therapy;Financial;Travel;Legal;Beauty & Fashion;Medical;Career Advice","10","50","30","","I love it! I love the idea of a centralized place for all of these needs. I hate having to do a ton of research for each of these and sometimes just give up without following through with talking to someone."
"2021/08/24 10:29:48 PM EST","6116c8cff512c193832d87de","Aurora","CO","80013","USA","Female","21-29","Over $150,000","Never","Not very likely","I have read the description above.","Not at all likely","1-5 times","Therapy","2","10","5","","I probably wouldn't use it personally unless it was a therapy-based app"
"2021/08/24 10:29:51 PM EST","612585c109ef972ceadd3967","Dayton","Ohio","45311","United states","Other","21-29","Between $50,000 and $74,999","Never","Somewhat likely","I have read the description above.","Not very likely","1-5 times","Computers & IT;Travel;Therapy;Beauty & Fashion;Career Advice","5.99","15.99","9.99","","I feel like its a good idea in theory, there would just be a lot of variables in between. Finding professionals to want to work for the app, being able to prove that they are trained and this isn’t a scam. I feel like there would be more to work on with this app than what it’s worth. "
"2021/08/24 10:29:56 PM EST","611bf0e1324904cd746b97f2","MInneapolis","Minnesota","55430","United States","Female","18-20","Between $75,000 and $99,999","Never","Somewhat likely","I have read the description above.","Very likely","6-10 times","Beauty & Fashion;Therapy;Financial;Tutoring;Medical;Legal;Travel","20","50","30","","It seems like a really interesting app idea, sometimes people aren't able to leave one's home and the being able to get with an expert within a phone call is always convenient "
"2021/08/24 10:30:53 PM EST","60186db010cd42109f900cdc","weymouth","MA","02190","USA","Male","21-29","Between $50,000 and $74,999","Never","Not very likely","I have read the description above.","Somewhat likely","6-10 times","Financial;Therapy;Computers & IT;Career Advice;Legal","15","30","20","","I think the same thing can be achieved through google searches, however, getting the search terms correct isn't intuitive."
"2021/08/24 10:31:15 PM EST","61117ac83ec0cc65ac589527","Sioux Falls","SD","57108","United States","Female","21-29","Between $50,000 and $74,999","Never","Somewhat likely","I have read the description above.","Somewhat likely","6-10 times","Medical;Beauty & Fashion;Home & Car Repair;Therapy;Travel;Coaching & Personal Development;Computers & IT;Financial;Tutoring;Legal;Career Advice","1","5","2","","it's an interesting idea. I think it could be very useful if done correctly."
"2021/08/24 10:31:22 PM EST","5d4f30def20feb00190b6280","Wayland","Mi","49348","United States","Female","30-39","Between $100,000 and $150,000","Never","Somewhat likely","I have read the description above.","Not very likely","1-5 times","Medical;Home & Car Repair;Business Consulting;Financial;Legal","15","30","20","","I am skeptical of how useful it will actually be. I've had employers that offered similar things as a benefit before but it didn't live up to its promises and the people I called told me things I  easily could have just found on google. Or I was connected with an expert who wasn't actually appropriate for my need. For example I had it connect me to a lawyer once and it turned out the lawyer really specialized in something unrelated to my issue. He did at least recommend someone else but these things just feel tricky to get right."
"2021/08/24 10:33:03 PM EST","6119fd9a204b8353c07e3325","Bradenton","Florida","34202","USA","Female","21-29","Between $100,000 and $150,000","Never","Somewhat likely","I have read the description above.","Very likely","6-10 times","Financial;Tutoring;Medical;Beauty & Fashion;Travel;Computers & IT;Legal;Home & Car Repair","6","10","7","","I think it is a good idea but does seem too good to be true. There are many apps that have the same concepts but eventually become too expensive once becoming more popular. Not to mention there's always hidden fees, tips and whatnot. However, if the app is accessible to everyone, it would be a great source for a lot of people who need it; a benefit to society, if you will. "
"2021/08/24 10:36:33 PM EST","611aede0be9a5f7a0ffaf577","Houston","Texas","77064","United States","Male","21-29","Between $75,000 and $99,999","1-5 times","Very likely","I have read the description above.","Very likely","More than 10 times","Coaching & Personal Development;Travel;Computers & IT;Beauty & Fashion;Career Advice;Home & Car Repair;Tutoring;Therapy;Financial;Medical","20","60","40","","Interesting and very convenient"
"2021/08/25 7:55:36 PM EST","56168fdb7ffc8a000a812190","Tampa","Florida","33606","United States","Female","21-29","Between $50,000 and $74,999","Never","Somewhat likely","I have read the description above.","Very likely","6-10 times","Legal;Computers & IT;Tutoring;Career Advice;Medical;Travel;Therapy;Home & Car Repair","5.00","20.00","15.00","I would use it if something was broken in my apartment (like a faucet) and I could quickly use the app to have an expert walk me through fixing it.","I like the idea."
"2021/08/25 7:55:47 PM EST","60fd1f7c279484894f91ecff","Wilmington","NC","28403","United States","Female","18-20","Under $15,000","Never","Very likely","I have read the description above.","Somewhat likely","More than 10 times","Beauty & Fashion;Therapy;Financial;Travel;Medical","30","100","60","Needing medical assistance not severe enough to go to a clinic/hospital ","I think it is smart and innovative"
"2021/08/25 7:55:55 PM EST","612661d5029b4ad032c31ea7","San Diego ","California","92126","USA","Female","30-39","Between $75,000 and $99,999","Never","Extremely likely","I have read the description above.","Extremely likely","More than 10 times","Travel;Coaching & Personal Development;Home & Car Repair;Computers & IT;Legal;Business Consulting;Career Advice;Financial;Medical;Beauty & Fashion;Therapy","20","50","35","If my fridge was making a weird noise ","Awesome!!!! I would love it. "
"2021/08/25 7:55:59 PM EST","610b280a1d2881b84507d13e","Macon","GA","31210","United States","Female","21-29","Between $50,000 and $74,999","Never","Not very likely","I have read the description above.","Somewhat likely","1-5 times","Home & Car Repair;Career Advice;Medical;Therapy;Financial;Coaching & Personal Development","20","50","35","Advice on saving for retirement because I have no idea what to do or where to start","I think it is a good idea"
"2021/08/25 7:56:04 PM EST","611c4857043a69d19285aaa1","Lillington ","NC","27546","USA","Female","21-29","Over $150,000","Never","Very likely","I have read the description above.","Somewhat likely","More than 10 times","Financial;Beauty & Fashion;Coaching & Personal Development;Travel;Therapy","5.00","30.00","15.00","If I was in need of therapy but did not have time to see a specialist in person. ","I think it’s a great idea and has potential to succeed."
"2021/08/25 7:57:35 PM EST","6108898783791aaec8a75688","Chapel Hill","NC","27516","US","Female","18-20","Over $150,000","1-5 times","Somewhat likely","I have read the description above.","Somewhat likely","1-5 times","Career Advice;Tutoring;Legal;Beauty & Fashion;Therapy;Travel;Medical","10","30","25","I would use this app for reading leases for my college homes. Landlords tend to take advantage of college students, since we are very unaware of what our rights are. The leases can be up to 40-60 pages, so having a lawyer's advice would be helpful in knowing what kind of action we can take in instances where our landlord is unfair.","I think this is a good app idea, but for my age demographic the advice would have to be incredibly affordable considering college students do not have a lot of extra income. Things like tutoring could make the app worth it though. "
"2021/08/25 7:57:40 PM EST","60fdb3abab4ea6f26d13d9a3","Apopka","FL","32703","United States","Female","21-29","Between $50,000 and $74,999","Never","Not very likely","I have read the description above.","Somewhat likely","1-5 times","Career Advice;Legal;Financial;Tutoring;Business Consulting;Coaching & Personal Development","30","50","$35","I would use it as a last resort, but I think it would be really successful during the pandemic.","Its a good idea."
"2021/08/25 7:57:48 PM EST","61269a281ef6e5fad958fad0","Panama City ","Florida ","32405","United States ","Female","30-39","Between $100,000 and $150,000","Never","Very likely","I have read the description above.","Extremely likely","More than 10 times","Computers & IT;Medical;Travel;Financial;Home & Car Repair;Legal;Career Advice;Beauty & Fashion;Therapy;Coaching & Personal Development","25","50","35","How to advice for home repair","Love it!!!!"
"2021/08/25 7:58:10 PM EST","60fddf97a292862be1c9a6e6","Ashburn","VA","20147","United States","Male","18-20","Over $150,000","Never","Somewhat likely","I have read the description above.","Extremely likely","More than 10 times","Tutoring;Travel;Coaching & Personal Development;Business Consulting;Home & Car Repair","10","100","60","If I accidentally lock my keys in my car, and am away from home.","Awesome! I hope you guys are able to figure it out and launch it soon!"
"2021/08/25 7:58:31 PM EST","61243fe315e020535bc05ac7","Chicago ","Illinois ","60655","United States","Female","21-29","Between $75,000 and $99,999","Never","Very likely","I have read the description above.","Very likely","More than 10 times","Coaching & Personal Development;Beauty & Fashion;Business Consulting;Medical;Computers & IT;Home & Car Repair","5","20","12","My car was making a weird noise whenever I braked and i actually ended up calling my friends uncle who is a mechanic but if i didnt have her I would have loved to have this app. ","I think it's a great idea, I can think of so many times I would use this, especially if it was affordable. I feel like I always have questions so speaking to experts would be so cool and easy "
"2021/08/25 7:59:09 PM EST","610089b384de868b6b68d87e","greenville","indiana","47124","united states","Female","30-39","Between $50,000 and $74,999","More than 10 times","Extremely likely","I have read the description above.","Extremely likely","More than 10 times","Beauty & Fashion;Financial;Travel","25","100","50","late in the evening when most offices are closed. ","I think having around the clock options with professionals would be ideal. Most people are too busy to stop their day to do anything personal and then evening obligations. When you finally have time to sit down and think of things you wish you could be getting done then its too late to speak with anyone about it. "
"2021/08/25 7:59:23 PM EST","61078b652ff8cd41b2eba29f","Fort Lauderdale","Florida","33311","United States","Male","18-20","Between $75,000 and $99,999","Never","Somewhat likely","I have read the description above.","Very likely","6-10 times","Financial;Coaching & Personal Development;Travel;Tutoring","10","100","50","When I need to figure thing out, see if I'm going in the right direction.","Very good idea."
"2021/08/25 8:00:05 PM EST","6108681f9a9d64d888b9addb","Virginia Beach","VA","23456","United States","Female","18-20","Between $30,000 and $49,999","Never","Extremely likely","I have read the description above.","Somewhat likely","6-10 times","Career Advice;Financial;Tutoring;Therapy","10","20","15","Mental health related issues where I wouldn't have energy to leave the house for therapy, health concerns for leaving the house related to COVID-19","I would most likely turn to this app as a last resort, I probably wouldn't use this app as a first choice if there was an option to meet with a professional in person. I feel like you get a more personal experience when a service is provided in person versus via an app/phone. "
"2021/08/25 8:00:08 PM EST","6120136616cf778bb200a3dd","Perth Amboy","New Jersey ","08861","United States","Female","21-29","Between $75,000 and $99,999","1-5 times","Very likely","I have read the description above.","Very likely","6-10 times","Financial;Beauty & Fashion;Travel;Career Advice;Therapy","5","15","7","I just moved to a new place and need contacts for the little things.","It seems helpful and practical. I would want to buy a certain amount of call per year though."
"2021/08/25 8:00:15 PM EST","611d043eb028b7b643c7592e","Merrimack ","NH","03054","USA ","Female","30-39","Between $100,000 and $150,000","Never","Somewhat likely","I have read the description above.","Very likely","6-10 times","Coaching & Personal Development;Home & Car Repair;Medical;Therapy","10","50","25","I’d use this app if I had a question about a medical concern or if I needed help fixing something around the house.","I think this is a good idea as long as it’s not prohibitively expensive."
"2021/08/25 8:00:33 PM EST","6115bb731c445ab5a7289b9e","Yuma","Arizona","85367","United States of America","Female","18-20","Between $50,000 and $74,999","1-5 times","Very likely","I have read the description above.","Extremely likely","6-10 times","Tutoring;Computers & IT;Therapy;Home & Car Repair;Travel;Beauty & Fashion","10","25","20","If I had a big enough problem, and the app itself was free (so I could browse on my own time and then only have to pay when I hire someone's services), I would definitely use it often. For example, my dad usually helps me with car/home repairs, but when I move away to University he won't be anywhere close by. In that situation I would most definitely use this app to find someone who could help me.","I think it's a great idea. It's also a lot more time efficient than googling ""Lawyers in my area"" and sifting through dozens of people to find the right one. "
"2021/08/25 8:01:43 PM EST","60c943870898012ee75a8bcf","Houston","Texas","77035","United States ","Male","21-29","Between $75,000 and $99,999","Never","Somewhat likely","I have read the description above.","Somewhat likely","1-5 times","Financial","2","5","10","I would use it when I need help.","Its okay."
"2021/08/25 8:02:32 PM EST","611179368c90bb744b4b0e6e","Vista","California","92083","United States","Female","18-20","Between $30,000 and $49,999","Never","Not very likely","I have read the description above.","Very likely","6-10 times","Home & Car Repair;Career Advice;Business Consulting;Coaching & Personal Development;Legal;Therapy;Medical;Tutoring;Financial","50","100","75","If I was ever in a transition period or was a beginner at something, depending on how other consumers like it, I would be willing it a try. The therapy option sounds more intriguing than the others personally, so I'd be more willing to try that option that anything else listed. ","The idea is pretty nice! I like how personal it sounds rather than it being like a class of sorts. "
"2021/08/25 8:02:48 PM EST","60fe633e3e963107811f9ca6","Scottsdale","AZ","85260","United States","Female","21-29","Between $15,000 and $29,999","Never","Very likely","I have read the description above.","Very likely","6-10 times","Therapy;Beauty & Fashion;Coaching & Personal Development;Career Advice;Financial;Medical;Home & Car Repair;Computers & IT","30","50","$40","Car trouble, don't want the hassle of taking it into a shop","Great"
"2021/08/25 8:03:05 PM EST","60fe05451562a30ec362c035","Lincoln","Nebraska","68506","United States","Female","30-39","Between $50,000 and $74,999","Never","Not very likely","I have read the description above.","Not very likely","1-5 times","Legal;Travel","15","50","40","If I was too nervous to see someone in person I would consider paying for the service.","It is a solid idea for the new generation however would the advice be from an actual professional? That would be my only hesitation with using something like this."
"2021/08/25 8:03:44 PM EST","60fda3c6109c753a3256dcf4","Valrico","Florida","33596","USA ","Female","30-39","Between $50,000 and $74,999","Never","Not very likely","I have read the description above.","Very likely","1-5 times","Travel;Computers & IT;Medical;Legal","25","50","30","For legal advice when a situation arises ","Good idea- sometimes you need a quick answer and don’t need to go pay someone for a full hour "
"2021/08/25 8:04:03 PM EST","60fce1c524c762f2b1142e1b","Ames","Iowa","50010","United States","Female","21-29","Between $100,000 and $150,000","Never","Somewhat likely","I have read the description above.","Somewhat likely","More than 10 times","Tutoring;Business Consulting;Medical;Legal;Computers & IT;Career Advice;Therapy","20","50","35","if i needed immediate medical or legal help but couldn't afford a doctor/lawyer","i think it's intriguing, but some may see it as a scam"
"2021/08/25 8:04:16 PM EST","6122ab1004ff2a77a7e5fb8b","Fort Worth","Texas","76140","United States","Female","30-39","Between $100,000 and $150,000","Never","Very likely","I have read the description above.","Very likely","More than 10 times","Therapy;Beauty & Fashion;Career Advice;Medical","5","20","10","When looking for the best dog food, dog toy or mascara. It is hard to tell on reviews who is wanting you to buy the product and who is genuine about if the product would be good for your personal use. ","I think it could be good as long as it was easy to maneuver through and was affordable. I think you will lose people if the prices are not affordable. "
"2021/08/25 8:04:16 PM EST","60fd7ded5d406d499032e7aa","Greensboro ","NC","27407","United States","Female","21-29","Between $75,000 and $99,999","1-5 times","Extremely likely","I have read the description above.","Extremely likely","More than 10 times","Coaching & Personal Development;Travel;Beauty & Fashion;Therapy;Home & Car Repair;Financial;Computers & IT;Medical","30","50","40","I would use this app for any consultation before I hire a service for home repairs, car issues, medical questions etc. It would be nice to know what needs to be done before I schedule appointments/ go for services etc. ","I personally would appreciate the ease of text or video calling anytime, especially outside of normal business hours. "
"2021/08/25 8:04:34 PM EST","611c6ee9aaa8c72e3e0e984e","PHOENIX","Arizona ","85033","United States","Female","18-20","Between $50,000 and $74,999","Never","Very likely","I have read the description above.","Very likely","1-5 times","Medical;Travel;Therapy","5","100","15","When I'm having a bad day or when I'm really down, or bad anxiety i would talk to a therapist ","I think it's a good idea if you put the right price and who will be available "
"2021/08/25 8:04:56 PM EST","5f7d136801b6ea1e55616a4b","Lafayette","Indiana","47904","USA","Female","21-29","Between $75,000 and $99,999","Never","Somewhat likely","I have read the description above.","Somewhat likely","1-5 times","Therapy;Medical;Legal;Home & Car Repair","20","45","30","I would use it when I want to ask about certain home repairs and I am not able to find the answer on youtube or online","I would love to be able to use this app! I would specifically like it for home repair help instead of calling a contractor. "
"2021/08/25 8:04:58 PM EST","6100c0f3781b6397a52bbeff","BOSTON","MA","02115","United States","Female","21-29","Over $150,000","Never","Somewhat likely","I have read the description above.","Very likely","6-10 times","Computers & IT;Financial;Home & Car Repair;Travel;Beauty & Fashion","5","20","10","I would use this app if I am looking for someone in my area to fix my car if its having an issue. I would use it to find people in the area for which i dont have established people yet","great idea!"
"2021/08/25 8:05:50 PM EST","6106d0662a183888695ddf8a","ORLANDO","Florida","32822","United States","Female","40-49","Between $75,000 and $99,999","Never","Somewhat likely","I have read the description above.","Somewhat likely","1-5 times","Medical;Therapy;Travel;Financial;Home & Car Repair","25","50","35","to make a financial decision","sounds interesting"
"2021/08/25 8:06:50 PM EST","60ff3fd2fcdc0ca62f7e7220","Decatur","Illinois","62521","United States","Female","18-20","Between $100,000 and $150,000","Never","Not very likely","I have read the description above.","Very likely","1-5 times","Home & Car Repair;Business Consulting;Beauty & Fashion;Legal;Computers & IT;Travel;Medical;Financial","20","70","40","If I needed quick medical advice without knowing if an ER is needed","I think it would be very useful, but I cannot imagine I would actually pay for it when the internet already has most answers. "
"2021/08/25 8:10:14 PM EST","6120333618f60bf498fe7b70","Tampa","Florida","33614","United State","Male","30-39","Between $75,000 and $99,999","6-10 times","Extremely likely","I have read the description above.","Extremely likely","6-10 times","Business Consulting;Legal;Financial","200","400","600","When doing a research","Great one"
"2021/08/25 8:29:31 PM EST","611daad0f106c3d6276de39b","Sacramento","California","95831","United States","Male","30-39","Between $75,000 and $99,999","Never","Somewhat likely","I have read the description above.","Very likely","1-5 times","Financial;Home & Car Repair;Legal","10.00","15.00","12.00","Legal questions about Tenant/Landlord rights. ","I think it’s a good idea. "
"2021/08/25 8:49:22 PM EST","611c0f606e7c5373600b2943","Knoxville TN","TN","37920","USA","Female","30-39","Between $75,000 and $99,999","Never","Somewhat likely","I have read the description above.","Very likely","More than 10 times","Medical;Financial;Coaching & Personal Development;Beauty & Fashion;Home & Car Repair;Therapy;Travel","25","50","40","I would use this app for home repairs. There’s so many things I need done but I have no idea who to call so expert advice would be very helpful.","I love this idea honestly."
"2021/08/25 8:57:13 PM EST","61215e0af8bad27d8bee8487","Discovery Bay","California","94505","USA","Female","21-29","Between $75,000 and $99,999","Never","Somewhat likely","I have read the description above.","Very likely","More than 10 times","Beauty & Fashion;Legal;Therapy;Financial;Medical;Travel;Business Consulting;Career Advice;Computers & IT;Home & Car Repair;Tutoring","5","20","10","If I needed information on how to get my car fixed, or I was uncertain what was wrong with it, I'd use it. If I was trying to get help professionally from a lawyer, I'd definitely use it. ","I would highly consider getting this app. I think it could potentially be a really great help to a lot of people. "
"2021/08/25 9:06:54 PM EST","6111cfbfb13669cd83689ef2","Mesa","AZ","85215","United States","Female","21-29","Between $50,000 and $74,999","Never","Extremely likely","I have read the description above.","Somewhat likely","1-5 times","Home & Car Repair;Beauty & Fashion","15","40","30","I would use the app to have someone help hang things in my home","It’s a good idea"
"2021/08/25 9:07:53 PM EST","61086f515114c26363323a17","San antonio","Texas ","78249","United states ","Female","18-20","Between $50,000 and $74,999","1-5 times","Extremely likely","I have read the description above.","Extremely likely","6-10 times","Travel;Beauty & Fashion;Career Advice;Medical;Therapy;Business Consulting;Coaching & Personal Development;Home & Car Repair;Tutoring","20","100","30","For therapy ","It’s a very good idea "
"2021/08/25 9:08:23 PM EST","61132361275e08754e30c2db","Norton","Massachusetts","02766","United States","Female","18-20","Between $100,000 and $150,000","Never","Very likely","I have read the description above.","Extremely likely","6-10 times","Medical;Travel;Home & Car Repair;Therapy;Financial","10","25","15","I would consider using this app if my car broke down or started making weird sounds, but I was unable to identify the issue myself","This is a great idea so far, I would love to be notified of more details to come if it were to actually be developed."
"2021/08/25 9:12:47 PM EST","611108ba0f593501c71d6ed5","Ada","Oklahoma","74820","United States","Female","21-29","Between $15,000 and $29,999","Never","Somewhat likely","I have read the description above.","Not very likely","Never","Medical","2","20","10","I'd rather employ those services in person instead of through an app.","Not interested"
"2021/08/25 9:13:30 PM EST","61118ff82b2d79342765a2f3","Hazard","Ky","41701","USA ","Female","40-49","Between $75,000 and $99,999","Never","Somewhat likely","I have read the description above.","Extremely likely","1-5 times","Home & Car Repair;Travel;Legal;Computers & IT;Medical;Financial","15","30","25","If I needed to find something immediately such as a dog sitter or somebody to cut my grass. ","Good idea. Wouldn’t pay a subscription though. "
"2021/08/25 9:16:47 PM EST","610b0d5cd275ff5c145a12aa","Rockville","Maryland","20852","United States","Female","21-29","Between $75,000 and $99,999","1-5 times","Not very likely","I have read the description above.","Extremely likely","6-10 times","Beauty & Fashion;Medical;Career Advice;Legal;Travel;Financial;Coaching & Personal Development;Home & Car Repair;Therapy","20","50","30","With issues concerning my daughter, such as health and safety. ","Great idea!"
"2021/08/25 9:16:54 PM EST","61037451549abd4fa911d188","Chicago","Illinois","60641","United States","Female","30-39","Between $75,000 and $99,999","Never","Not very likely","I have read the description above.","Somewhat likely","1-5 times","Legal;Home & Car Repair;Medical;Financial;Computers & IT","20","50","40","Questions about self filled tax forms","It's a great idea. I feel like mainly for legal or medical questions"
"2021/08/25 9:18:09 PM EST","61242a20817c1d12dfe8ab12","Fort Worth","Texas","76179","USA","Male","30-39","Between $50,000 and $74,999","Never","Somewhat likely","I have read the description above.","Very likely","1-5 times","Financial;Computers & IT;Legal;Home & Car Repair","5","20","12","legal advice or home repair question","seems pretty good but id have to see it."
"2021/08/25 9:18:54 PM EST","610ccf09b1b0759b2668ded1","JOHNSON CITY","TN","37604","United States","Male","40-49","Between $30,000 and $49,999","Never","Not very likely","I have read the description above.","Not very likely","Never","Therapy;Coaching & Personal Development;Home & Car Repair","10.00","20.00","15.00","I would only use it if it was something that I couldn't figure out any other way.","It's a decent idea for people that are not self sufficient."
"2021/08/25 9:18:59 PM EST","6108a7ef4e7f19c6f346924b","Newton","NJ","07860","USA","Female","21-29","Between $50,000 and $74,999","Never","Very likely","I have read the description above.","Not very likely","1-5 times","Beauty & Fashion;Home & Car Repair;Career Advice","50","100","60","I would use it when I have a problem with my house, tips for travelling, and beauty skincare things.","It could be very useful to people these days who can't visit experts in certain fields."
"2021/08/25 9:19:32 PM EST","60fe0e8cd34f79f4ef2296d7","North Ogden","Utah","84414","United States","Female","18-20","Between $50,000 and $74,999","Never","Extremely likely","I have read the description above.","Somewhat likely","1-5 times","Tutoring;Financial;Medical;Beauty & Fashion;Career Advice;Therapy;Travel","10","100","30","I would mostly use it for the therapy. I would hope to use it more than 3 times a month","I think it's a good idea but it could easily be a scam."
"2021/08/25 9:20:01 PM EST","61212ba3efbeff73445b4961","Vine Grove","Kentucky","40175","United States","Male","21-29","Between $100,000 and $150,000","Never","Very likely","I have read the description above.","Extremely likely","More than 10 times","Coaching & Personal Development;Computers & IT;Beauty & Fashion;Legal;Therapy;Career Advice;Medical;Tutoring;Home & Car Repair;Financial","15","50","25","When I need help about something specifically that is financial & legal related and just want a quick answer instead of hiring an accountant.","This app sounds amazing, I wish it existed. If it ever does, I hope it's not too expensive."
"2021/08/25 9:20:38 PM EST","6126ad6624eb5fa24cc7eacb","Woods Cross","Utah","84087","Unites States of America","Male","40-49","Between $75,000 and $99,999","Never","Not very likely","I have read the description above.","Somewhat likely","6-10 times","Legal;Home & Car Repair;Financial;Travel","7.50","20.00","15.00","Home repair, but just need a little consultation before beginning.","I like it. I would hope that it wouldn't be subscription based. I avoid those."
"2021/08/25 9:21:49 PM EST","611495adce8e62c7c58a75a7","New Orleans","Louisiana","70115","United States","Male","40-49","Between $30,000 and $49,999","Never","Very likely","I have read the description above.","Very likely","1-5 times","Legal;Financial;Medical","20","50","30","Tax season, dental issues, medical issues, lawyer advice","I'd love to see something like this. It'd be incredibly useful to have in my pocket."
"2021/08/25 9:23:10 PM EST","61081e56eef3ebeb3f9e684c","Harrisburg","Pennsylvania","17112","United States","Female","21-29","Between $100,000 and $150,000","Never","Not very likely","I have read the description above.","Somewhat likely","1-5 times","Financial;Coaching & Personal Development;Tutoring;Career Advice;Travel","10","30","15","I think I would use this app if I were planning on going on a trip, but didn't know the current conditions of the area/country and was seeking travel advice. I would choose this because it would be easy to connect with someone to answer my questions relatively quickly. I would prefer this over something more personal, like medical advice.","It sounds like a good idea in theory, but I think it could get murky with ethics in certain fields. For others, like plumbing, it may be great."
"2021/08/25 9:23:37 PM EST","60fcf8392a83ae1b971d1199","chicago","il","60610","us","Female","21-29","Between $50,000 and $74,999","Never","Somewhat likely","I have read the description above.","Somewhat likely","1-5 times","Therapy;Medical;Career Advice","10","25","15","if I was having a medical issue and wanted to know quickly about it","i think its a good idea if prices are reasonable and there is incentive for experts to be on the app"
"2021/08/25 9:23:41 PM EST","610857da3f3580de0358c933","Annandale","NJ","08801","USA","Female","40-49","Between $100,000 and $150,000","1-5 times","Extremely likely","I have read the description above.","Very likely","1-5 times","Legal;Medical","15","50","25","Looking for a medical specialist, or a house cleaner, or pool company","So-so, I’m likely to ask friends or Facebook firsthand "
"2021/08/25 9:23:54 PM EST","60fd019e45461e8b70752d56","Tacoma","Washington","98466","USA","Female","21-29","Between $50,000 and $74,999","Never","Very likely","I have read the description above.","Very likely","1-5 times","Medical;Therapy;Beauty & Fashion;Travel;Home & Car Repair;Financial;Legal","5","30","15","If i needed a doctor but a visit to the office wasnt necessary ","I think its a great idea and could be very useful"
"2021/08/25 9:24:01 PM EST","61108b568d64f222ed75fd6d","Erie ","Colorado","80516","USA ","Female","50-59","Between $75,000 and $99,999","Never","Somewhat likely","I have read the description above.","Not very likely","Never","Travel;Therapy;Financial","25","20","15","If I couldn’t find the info online","Not sure I would use it"
"2021/08/25 9:24:42 PM EST","6110e8ede261439818c6a77e","wesson","Mississippi","39191","United States","Female","18-20","Between $100,000 and $150,000","Never","Very likely","I have read the description above.","Extremely likely","More than 10 times","Beauty & Fashion;Business Consulting;Career Advice;Travel;Tutoring","5","50","25","I would use this when I am needing help with homework or even needing fashion advice.","I think it is a great idea. Would really help with life."
"2021/08/25 9:24:54 PM EST","6100352d84510e58d852bfdc","Tuscaloosa","AL","35401","USA","Female","21-29","Between $50,000 and $74,999","More than 10 times","Somewhat likely","I have read the description above.","Very likely","More than 10 times","Business Consulting;Career Advice;Legal;Therapy;Travel;Medical","10","35","20","I would use this app for tax questions or a quick question for a doctor ","I think it’s very smart and would be extremely successful if at an affordable rate"
"2021/08/25 9:25:17 PM EST","60ff1f1637a14dc7dce1ee62","Brooklyn ","New York ","11214","United States ","Female","21-29","Between $50,000 and $74,999","Never","Extremely likely","I have read the description above.","Extremely likely","More than 10 times","Financial;Beauty & Fashion;Medical;Career Advice;Business Consulting;Home & Car Repair;Therapy;Legal;Coaching & Personal Development;Travel","2","15","8","I’m always googling questions that come up in my day to day to expand my knowledge, but to have an app where I can actually communicate to people quickly about topics I would otherwise google is a big win. I would be able to learn a lot more in quicker time anytime those day to day questions arise ","I think it’s really cool and something I’d definitely use"
"2021/08/25 9:25:39 PM EST","6108f7876d88d5079619afca","Rialto","California ","92376-6770","United States","Female","21-29","Between $50,000 and $74,999","Never","Not at all likely","I have read the description above.","Somewhat likely","1-5 times","Financial;Therapy;Home & Car Repair;Career Advice;Medical;Legal","10","30","15","I would consider it if I desperately needed help. But not if it’s too expensive then I couldn’t even consider it. ","It sounds like a reasonable idea that could help a lot of people in multiple areas!"
"2021/08/25 9:26:14 PM EST","60ffd565096d719663031be7","Philadelphia","PA","19138","United States","Female","21-29","Between $50,000 and $74,999","1-5 times","Not at all likely","I have read the description above.","Not very likely","1-5 times","Beauty & Fashion;Travel","10","50","25","Planning a trip and need extra help ","Not really a good idea to me"
"2021/08/25 9:26:16 PM EST","60e7739644eb45bfddedf039","Houghton Lake","Michigan","48629","United States.","Male","30-39","Over $150,000","More than 10 times","Extremely likely","I have read the description above.","Extremely likely","More than 10 times","Career Advice;Business Consulting;Medical;Coaching & Personal Development;Computers & IT;Travel;Legal;Therapy;Financial;Home & Car Repair;Tutoring;Beauty & Fashion","40","100","50","emergency time.","It’s a valuable idea."
"2021/08/25 9:27:05 PM EST","61118ce038579f457b65e061","Houston","Texas","77077","United States","Female","21-29","Between $100,000 and $150,000","Never","Very likely","I have read the description above.","Not very likely","6-10 times","Beauty & Fashion;Home & Car Repair;Financial","10","20","15","I would likely use an app like this if I had to pay for it. It was much easier to just google any information and call a professional directly. ","Nice idea, but many people will likely not want to pay for it"
"2021/08/25 9:27:34 PM EST","6111f4c088e67493df7f3fb9","Madison","WI","53528","United States","Female","18-20","Between $100,000 and $150,000","Never","Not very likely","I have read the description above.","Somewhat likely","More than 10 times","Therapy;Tutoring;Career Advice;Home & Car Repair;Financial","25","50","40","I would use this app to help me navigate a financial situation such as student loans. ","I think it's really cool! If it wouldn't cost too much I'd definitely consider it. "
"2021/08/25 9:27:36 PM EST","60fcd23084f0887eab926342","Phoenix","MD","21131","United States","Female","30-39","Between $100,000 and $150,000","1-5 times","Not very likely","I have read the description above.","Very likely","1-5 times","Therapy;Medical;Travel;Legal;Beauty & Fashion;Financial;Home & Car Repair","10","150","45","To get estimate for redoing bathroom","Seems ok but not revolutionary"
"2021/08/25 9:27:58 PM EST","60fd0dcc11cec42c4183744b","Templeton","CA","93465","US","Female","21-29","Between $50,000 and $74,999","Never","Somewhat likely","I have read the description above.","Very likely","1-5 times","Home & Car Repair;Medical;Therapy;Financial","25","50","40","Help fixing anything at home (sink, toilet, etc)","I think it would be a great idea! "
"2021/08/25 9:27:58 PM EST","60ff9df2ddea9c201301b193","Salt Lake City","Utah","84044","USA","Female","18-20","Between $75,000 and $99,999","Never","Somewhat likely","I have read the description above.","Somewhat likely","1-5 times","Therapy;Home & Car Repair;Tutoring;Legal;Beauty & Fashion;Medical","5","20","15","I would use it for quick medical questions","I like it"
"2021/08/25 9:28:42 PM EST","6123d27b5481e1189844b7b0","Jacksonville","Florida","32099","USA","Male","21-29","Between $30,000 and $49,999","6-10 times","Very likely","I have read the description above.","Very likely","More than 10 times","Therapy;Tutoring;Computers & IT","10","20","15","when I'm having a bad day and need to talk to someone","I LOVE the idea!"
"2021/08/25 9:29:21 PM EST","6115c8cbd1923433e1832a02","New Orleans ","Louisiana ","70123","United States","Female","21-29","Between $50,000 and $74,999","Never","Somewhat likely","I have read the description above.","Somewhat likely","6-10 times","Home & Car Repair;Therapy;Medical;Beauty & Fashion;Travel","5","30","10","If I am new to an area, but do not know a good doctor, nail salon, therapist, etc ","I think it would be a good idea as long as the “experts” are vetted properly "
"2021/08/25 9:29:24 PM EST","611041b19566e500dff115c2","West Pittston","Pennsylvania","18643","USA","Male","21-29","Between $50,000 and $74,999","Never","Not very likely","I have read the description above.","Very likely","6-10 times","Therapy;Legal;Career Advice;Home & Car Repair;Financial","10","30","20","When searching for a new job or home repairs","I think it’s a pretty good idea"
"2021/08/25 9:29:49 PM EST","6112a4148757db67067c93d6","Murfreesboro ","TN","37129","United States","Female","21-29","Between $75,000 and $99,999","Never","Somewhat likely","I have read the description above.","Very likely","1-5 times","Computers & IT;Medical;Travel","75","200","120","When dealing with a minor medical issue, or planning a trip.","I think it is a great idea but unlikely to be affordable"
"2021/08/25 9:30:40 PM EST","6110b7f826dc856f444a10a7","Jefferson","LA","70121","US","Female","21-29","Between $50,000 and $74,999","Never","Not at all likely","I have read the description above.","Not very likely","1-5 times","Home & Car Repair;Therapy;Coaching & Personal Development;Beauty & Fashion;Medical;Computers & IT;Travel","10","30","20","If I had a house repair that I could not google the solution to on google. I would probably very rarely use the app due to the fact that so much information can now be found on the internet. ","It is a good idea that would probably be helpful to many, but I would personally not use it. "
"2021/08/25 9:31:05 PM EST","61196f8772f04685c35a90c4","Baldwinsville","NY","13027","United States","Female","30-39","Between $100,000 and $150,000","Never","Extremely likely","I have read the description above.","Somewhat likely","1-5 times","Home & Car Repair;Travel","5","25","8","Let’s say my heat is making a funny noise, I would use this app to video chat with an expert to see if I needed to call for a service repair, or if I could potentially fix it myself. ","I think it’s a good idea. It would be nice to have a quick way to see if I can fix it or if I need to hire someone to do the job. "
"2021/08/25 9:32:40 PM EST","60fce8cc5025f6e4d0d6baae","Brea","CA","92821","United States","Female","21-29","Between $75,000 and $99,999","Never","Very likely","I have read the description above.","Somewhat likely","1-5 times","Medical;Legal","5","20","10","If I had a medical question and did not have time to see a doctor in person ","It’s good as long as it’s not too expensive and the professionals are trustworthy"
"2021/08/25 9:34:25 PM EST","61107691c1f7335543bcb758","Atlanta","GA","30332","United States","Female","18-20","Over $150,000","Never","Somewhat likely","I have read the description above.","Somewhat likely","6-10 times","Home & Car Repair;Travel;Coaching & Personal Development;Tutoring;Beauty & Fashion","10","40","30","To look for specialized repair or maintenance aid","There is potential for a large, varied user base"
"2021/08/25 9:34:29 PM EST","6121be9a77c602b1d877d7f0","West Allis","WISCONSIN","53227","United States","Female","21-29","Between $100,000 and $150,000","Never","Extremely likely","I have read the description above.","Very likely","More than 10 times","Medical;Career Advice;Travel;Financial;Home & Car Repair;Therapy;Beauty & Fashion","50.00","100.00","75.00","Whenever I needed advice ","It sounds interesting, however I’m not sure how much I would pay to use the app and also pay for the service. I guess it would depend on my needs and what I am looking to accomplish. "
"2021/08/25 9:35:21 PM EST","60fd3ce32aa2642de7f6cea0","West Bloomfield","michigan","48324","usa","Female","21-29","Between $100,000 and $150,000","1-5 times","Very likely","I have read the description above.","Very likely","6-10 times","Medical;Business Consulting;Computers & IT;Financial;Travel;Home & Car Repair;Legal;Therapy","7","20","14","I would consider this app for a lot of different things if the people were considered trustworthy and of high value. For example, if it made it easier to find great lawyers, medical professionals, and more, then i would definitely use it. I also think it would be very convenient to connect to tech or IT people as sometimes they can fix things over the phone and it would be quicker, more convenient way. ","i like the idea a lot. i think it could be beneficial if done right. However, if it is overpriced, i would not use it. I think it is important to have cheaper options to really reach a wide array of people and to truly help make others' lives easier. "
"2021/08/25 9:35:34 PM EST","6124692450340a0e0bfbba2a","Austin","Texas","78735","United States","Male","21-29","Between $50,000 and $74,999","Never","Somewhat likely","I have read the description above.","Somewhat likely","1-5 times","Therapy;Travel;Career Advice;Coaching & Personal Development;Computers & IT;Financial;Tutoring;Medical;Legal;Business Consulting;Home & Car Repair;Beauty & Fashion","15","100","60","For a variety of reasons, whether questions about cars, legal stuff, doctor, coaching, tutoring, financial questions, etc...","It sounds interesting and I would definitely like to hear more about it. I like the prospect of it for sure."
"2021/08/25 9:36:56 PM EST","60fd3159371d790032d91e2a","Irving","TX","75060","U.S.A.","Male","21-29","Between $75,000 and $99,999","Never","Extremely likely","I have read the description above.","Extremely likely","1-5 times","Financial;Medical;Travel;Therapy;Legal","50","60","55","When my money is tight and I need help immediately.","I love it!"
"2021/08/25 9:37:44 PM EST","6111b8b600b79655a5381437","Newark ","Delaware ","19711","United States ","Female","30-39","Between $100,000 and $150,000","Never","Somewhat likely","I have read the description above.","Very likely","More than 10 times","Tutoring;Coaching & Personal Development;Medical;Beauty & Fashion;Travel;Legal;Financial;Therapy","20","40","30","If I could connect with a vet for when I’m unsure about my dogs health or if I am feeling overwhelmed and could connect with a therapist.","It’s brilliant!"
"2021/08/25 9:38:11 PM EST","60ff844fccb76532deb5f8bb","Richlands","Virginia","24641","United States","Female","18-20","Between $50,000 and $74,999","Never","Not very likely","I have read the description above.","Very likely","More than 10 times","Coaching & Personal Development;Computers & IT;Career Advice;Financial;Therapy;Travel;Medical","15","100","40","Whenever I have questions that google cant answer ","Very good"
"2021/08/25 9:38:43 PM EST","6110be9a9a9555a43bfbdb93","Los Angeles","CA","90034","Unites States ","Female","21-29","Between $50,000 and $74,999","1-5 times","Somewhat likely","I have read the description above.","Very likely","More than 10 times","Legal;Home & Car Repair;Career Advice;Therapy;Financial;Medical;Computers & IT;Travel","10","45","15","If I was having an issue with my car or housing. I wouldn’t use it for beauty. ","I think it’s a cool idea. I would love connecting to a reliable professional when an issue arises"
"2021/08/25 9:39:43 PM EST","6111851bd629e3ddfb2f9907","Minneapolis","Minesota","55112","United States","Female","18-20","Between $75,000 and $99,999","Never","Somewhat likely","I have read the description above.","Very likely","6-10 times","Beauty & Fashion;Tutoring;Medical;Computers & IT;Therapy;Home & Car Repair","15","40","25","Looking for counseling/therapy on a specific issue, looking for art tips, asking career advice, physical health questions","Sounds really great! Would definitely consider using it if financially plausible. "
"2021/08/25 9:41:18 PM EST","611841738f4e8342f5ba3765","Syracuse","Utah","84075","United States","Female","21-29","Between $50,000 and $74,999","Never","Not very likely","I have read the description above.","Very likely","6-10 times","Travel;Business Consulting;Legal;Medical;Therapy;Coaching & Personal Development;Career Advice;Beauty & Fashion;Home & Car Repair","15","25","20","DIY landscaping projects","Love it!"
"2021/08/25 9:41:25 PM EST","611eae23dc03ab210d68b3a7","New York","NY","10009","United States","Female","21-29","Between $30,000 and $49,999","Never","Not very likely","I have read the description above.","Somewhat likely","1-5 times","Coaching & Personal Development;Beauty & Fashion;Career Advice;Travel","10","50","25","Looking for career advice or advice on networking","I think its a cool idea! And definitely useful"
"2021/08/25 9:41:54 PM EST","61112c6142037df41806e68b","Cockeysville ","Maryland ","21030","USA ","Female","40-49","Between $75,000 and $99,999","Never","Extremely likely","I have read the description above.","Somewhat likely","1-5 times","Career Advice;Therapy;Coaching & Personal Development;Tutoring","10.00","30.00","20.00","When deciding how to start my own business","Interesting idea"
"2021/08/25 9:45:15 PM EST","610486e6db3f8639f1b3a87d","San Jose","CA","95216","USA","Female","21-29","Over $150,000","Never","Somewhat likely","I have read the description above.","Very likely","6-10 times","Coaching & Personal Development;Medical;Therapy;Tutoring;Financial;Career Advice","30","75","55","For me, I think I would mainly use it for therapy or advice.","I think it's a good idea that can be helpful for anyone and accessible!"
"2021/08/25 9:46:35 PM EST","61114dcee1e4f25dcf93a71f","Atlanta","Georgia","30315","United States ","Female","21-29","Between $100,000 and $150,000","Never","Somewhat likely","I have read the description above.","Very likely","1-5 times","Coaching & Personal Development;Therapy;Travel;Financial","20","100","50","When I needed advice about something I was unfamiliar about. ","It is a good idea. "
"2021/08/25 9:52:04 PM EST","60fd0aa1b7fab4c6243f854c","Baltimore","Maryland","21216","United States","Female","21-29","Between $100,000 and $150,000","Never","Somewhat likely","I have read the description above.","Extremely likely","6-10 times","Travel;Medical;Career Advice;Financial;Beauty & Fashion;Coaching & Personal Development","20","100","45","Because I do a lot of freelance, I would ask an expert for help with my taxes. ","I think it’s a good idea as it covers a wide range of topics and it can help out with almost anything. "